{
  "project_info": {
    "project_number": "501394860311",
    "project_id": "sportbuddyworktogether",
    "storage_bucket": "sportbuddyworktogether.appspot.com"
  },
  "client": [
    {
      "client_info": {
        "mobilesdk_app_id": "1:501394860311:android:a2f7edb39e6a1bd4f26f52",
        "android_client_info": {
          "package_name": "com.example.sportbuddyworktogether"
        }
      },
      "oauth_client": [],
      "api_key": [
        {
          "current_key": "AIzaSyA4t1nDKKMkOudFyxQ4069WNo3OZWmr3Q8"
        }
      ],
      "services": {
        "appinvite_service": {
          "other_platform_oauth_client": []
        }
      }
    }
  ],
  "configuration_version": "1"
}